Year,Target Concept,Sentence With Concepts,Context Words
2004,偏见,1,"['和', '对话', '减少', '分歧', '和', '磨擦', '消除', '歧视', '和', '创造', '公平', '共', '赢', '的', '贸易', '投资', '环境']"
2004,偏见,2,"['都', '表示', '反对', '西方', '对', '阿拉伯', '国家', '的', '文化']"
2004,偏见,3,"['军事家', '他', '能', '打破', '陈规陋习', '和', '世族', '门阀', '的', '网罗', '任用', '一大批', '能', '臣', '干将', '打败', '了', '袁绍']"
2004,偏见,4,"['孔泉', '在', '回答', '提问', '时说', '任何', '不带', '的', '人', '都', '可以', '看到', '香港回归', '前', '香港', '居民']"
2004,偏见,5,"['看待', '他们', '用', '服务', '和', '引导', '取代', '冷漠', '与', '多一些', '宽厚', '多一些', '温情', '让', '这些', '城市', '建设', '的']"
2004,偏见,6,"['过去', '有个', '认为', '凡是', '进', '了', '监狱', '的', '罪犯', '即使', '刑满释放']"
2004,偏见,7,"['影响', '拉近', '世界', '与', '亚洲', '国家', '的', '距离', '消除', '隔膜', '和', '误解']"
2004,偏见,8,"['自大', '心态', '媒体', '对', '中国', '的', '报道', '长期', '存有', '未能', '给', '民众', '提供', '一个', '完整', '的', '中国', '视野']"
2004,偏见,9,"['开端', '但', '也', '暴露', '了', '他们', '对', '非洲', '的']"
2004,偏见,10,"['进行', '全面', '准确', '的', '调查', '核对', '严禁', '带', '着', '采写', '报道', '严禁', '发表', '匿名', '报道', '新闻来源', '必须', '明确']"
2004,偏见,11,"['这是', '任何', '不带', '政治', '的', '人', '都', '不能', '否认', '的', '客观事实']"
2004,偏见,12,"['孔泉', '在', '回答', '提问', '时说', '任何', '不带', '的', '人', '都', '可以', '看到', '香港回归', '前', '香港', '居民']"
2004,偏见,13,"['即使', '有人', '有', '有', '恶意', '那', '是', '他', '的', '错误', '我们', '不必']"
2004,偏见,14,"['当', '他们', '由于', '不', '了解', '中国', '而', '产生', '某种', '或', '误解', '时', '我们', '应该', '耐心', '地', '做', '解释']"
2004,偏见,15,"['这是', '任何', '不带', '政治', '的', '人', '都', '不能', '否认', '的', '客观事实']"
2004,偏见,16,"['破除', '求全责备', '的', '狭隘']"
2004,偏见,17,"['不能', '将', '人', '导向', '对', '历史', '的', '无知', '和', '渲染', '历史', '文化', '中反', '人性', '反', '历史', '反', '道德']"
2004,偏见,18,"['到', '中西医', '结合', '治疗', '的', '意义', '不', '带有', '任何', '地', '选用', '最', '适当', '的', '治疗', '方法', '组成', '最佳']"
2004,偏见,19,"['百般', '指责', '中国', '人权', '状况', '是因为', '美国', '出于', '意识形态', '和', '推行', '霸权', '的', '政治', '需要', '不', '愿意', '看到']"
2004,偏见,20,"['人权', '进行', '反华', '舆论', '战', '是因为', '美国', '出于', '意识形态', '和', '推行', '霸权', '的', '政治', '需要', '不', '愿意', '看到']"
2004,偏见,21,"['倾销', '软木', '的', '结论', '不是', '一个', '客观', '和', '不带', '的', '调查', '机构', '所', '能', '得出', '的']"
2004,偏见,22,"['即使', '有人', '有', '有', '恶意', '那', '是', '他', '的', '错误', '我们', '不必']"
2004,偏见,23,"['这是', '在', '作怪']"
2004,偏见,24,"['对', '中医药', '存在', '不少', '认识', '上', '的', '误区', '和']"
2004,偏见,25,"['消除', '一些', '人', '对', '伟人', '形象', '的', '误解', '和']"
2004,偏见,26,"['克服', '积极', '服务']"
2004,偏见,27,"['仅仅', '来自', '社会', '的', '就', '会', '造成', '大', '伤害']"
2004,偏见,28,"['七煤', '公司党委', '历经', '深思', '果断', '破除', '实施', '了', '牵手', '活动', '和', '扩源', '活动', '即', '要求']"
2004,偏见,29,"['跟不上', '现代', '社会', '快速', '节奏', '和', '科技', '发展', '的']"
2004,偏见,30,"['开始', '就', '存在', '这样', '或', '那样', '的', '误解', '和']"
2004,偏见,31,"['指出', '内陆地区', '居住', '着', '独眼', '人', '其', '无知', '与', '不言自明']"
2004,偏见,32,"['来', '的', '代表', '生涯', '告诉', '我', '不是', '群众', '心存', '而是', '人大代表', '未能', '发挥', '应有', '的', '作用']"
2004,偏见,33,"['这是', '任何', '不带', '政治', '的', '人', '都', '不能', '否认', '的', '客观事实']"
2004,偏见,34,"['错', '了', '却', '仍', '在', '促进', '这种', '错误', '或者', '的', '传播', '他们', '产生', '的', '破坏力', '非常', '大']"
2004,偏见,35,"['长期以来', '形成', '了', '一种', '错误', '的', '观念', '对', '国产软件', '太深']"
2004,偏见,36,"['何大一', '插话', '是', '有', '的', '也', '是', '非常', '不', '公正', '的']"
2004,偏见,37,"['消除', '一些', '人', '对', '伟人', '形象', '的', '误解', '和']"
2004,偏见,38,"['麻木', '惊醒', '恐惧', '远遁', '歧视', '汗颜', '一切', '顾虑', '和', '烟消云散', '心中', '唤起', '的', '是', '对', '生命', '的', '珍视']"
2004,偏见,39,"['消除', '一些', '人', '对', '伟人', '形象', '的', '误解', '和']"
2004,偏见,40,"['这', '就', '特别', '需要', '与人为善', '坦诚相见', '出于公心', '防止']"
2004,偏见,41,"['切实', '提高认识', '转变观念', '彻底', '克服', '对', '进城', '务工人员', '的', '把', '思想', '统一', '到', '中央文件', '的', '精神', '上来']"
2004,偏见,42,"['即使', '有人', '有', '有', '恶意', '那', '是', '他', '的', '错误', '我们', '不必']"
2004,偏见,43,"['同时', '用', '科学', '的', '实证', '理性', '计算', '来', '取代', '和', '唯', '意识', '论', '取代', '文学', '的', '自恋', '与']"
2004,偏见,44,"['开端', '但', '也', '暴露', '了', '他们', '对', '非洲', '的']"
2004,偏见,45,"['同时', '用', '科学', '的', '实证', '理性', '计算', '来', '取代', '和', '唯', '意志', '论', '取代', '文学', '的', '自恋', '与']"
2004,偏见,46,"['是', '群众', '心存', '还是', '人大代表', '自己', '没有', '发挥', '应有', '作用']"
2004,偏见,47,"['指责', '欧盟', '搞', '双重标准', '对土', '存有', '宗教', '文化', '的', '是', '企图', '将', '欧盟', '建设', '为', '一个', '基督教', '文化']"
2004,偏见,48,"['最近', '人民日报', '的', '一条', '新闻', '纠正', '了', '这种']"
2004,偏见,49,"['兼顾', '了', '外国人', '了解', '中国', '的', '需求', '为', '消除', '和', '误解', '促进', '理解', '和', '友谊', '架起', '桥梁']"
2004,偏见,50,"['百般', '指责', '中国', '人权', '状况', '是因为', '美国', '出于', '意识形态', '和', '推行', '霸权', '的', '政治', '需要', '不', '愿意', '看到']"
2004,欺凌,1,"['近代', '以来', '中国', '人民', '饱受', '屈辱', '和', '深知', '和平', '的', '可贵']"
2004,欺凌,2,"['中华', '各族', '儿女', '共同', '遭受', '了', '帝国主义', '列强', '的', '压迫', '共同', '奋起', '抵抗', '帝国主义', '的', '侵略']"
2004,欺凌,3,"['下', '西藏', '人民', '彻底', '摆脱', '帝国主义', '的', '侵略', '和', '与', '全国', '人民', '一道', '走向', '光明', '实现', '了', '江孜']"
2004,欺凌,4,"['失败', '再', '一次', '说明', '落后', '就要', '遭受', '帝国主义', '列强', '的', '道理']"
2004,欺凌,5,"['他们', '控制', '了', '岛上', '的', '一切', '从', '到', '给养']"
2004,欺凌,6,"['在', '黑暗', '的', '年代', '又', '双目失明', '遭遇', '坎坷', '饱受', '侮辱', '一生', '在', '身心', '的', '双重', '黑暗', '中', '度过']"
2004,欺凌,7,"['主要', '的', '表现', '就是', '面对', '西方', '列强', '的', '侵略', '被迫', '一次', '又', '一次', '地', '割地求和', '从而', '一次', '又']"
2004,欺凌,8,"['相对', '于', '中华民族', '近', '百年', '遭受', '的', '侵略', '和', '相对', '于', '中华儿女', '为', '中国', '的', '解放事业', '所', '付出']"
2004,欺凌,9,"['近代', '以来', '中国', '饱受', '西方', '列强', '的', '积贫积弱', '欧洲', '中心主义', '又', '使', '欧洲', '国家', '产生', '自大']"
2004,欺凌,10,"['而', '应该', '使', '各国', '在', '不受', '他国', '主宰', '或', '的', '前提', '下', '自由', '地', '加强', '合作', '与', '交往']"
2004,欺凌,11,"['但是', '在', '近代', '中国', '被', '列强', '所', '既', '阻碍', '了', '社会', '的', '经济', '发展', '也', '扼杀']"
2004,欺凌,12,"['但是', '在', '近代', '中国', '被', '列强', '所', '既', '阻碍', '了', '社会', '的', '经济', '发展', '也', '扼杀']"
2004,欺凌,13,"['强大', '的', '封建', '帝国', '沦落', '为', '一个', '遭', '人', '的', '半封建', '半殖民地', '国家']"
2004,欺凌,14,"['劳动', '后', '遭受', '到', '的', '不', '公平', '对待', '深受', '却', '依旧', '土地', '般', '保持', '着', '沉默', '诗人', '从来']"
2004,欺凌,15,"['但是', '在', '近代', '中国', '被', '列强', '所', '既', '阻碍', '了', '社会', '的', '经济', '发展', '也', '扼杀']"
2004,欺凌,16,"['但是', '在', '近代', '中国', '被', '列强', '所', '既', '阻碍', '了', '社会', '的', '经济', '发展', '也', '扼杀']"
2004,欺凌,17,"['强大', '的', '封建', '帝国', '沦落', '为', '一个', '遭', '人', '的', '半封建', '半殖民地', '国家']"
2004,欺凌,18,"['劳动', '后', '遭受', '到', '的', '不', '公平', '对待', '深受', '却', '依旧', '土地', '般', '保持', '着', '沉默', '诗人', '从来']"
2004,欺凌,19,"['但是', '在', '近代', '中国', '被', '列强', '所', '既', '阻碍', '了', '社会', '的', '经济', '发展', '也', '扼杀']"
2004,欺凌,20,"['但是', '在', '近代', '中国', '被', '列强', '所', '既', '阻碍', '了', '社会', '的', '经济', '发展', '也', '扼杀']"
2004,欺凌,21,"['强大', '的', '封建', '帝国', '沦落', '为', '一个', '遭', '人', '的', '半封建', '半殖民地', '国家']"
2004,欺凌,22,"['劳动', '后', '遭受', '到', '的', '不', '公平', '对待', '深受', '却', '依旧', '土地', '般', '保持', '着', '沉默', '诗人', '从来']"
2004,欺凌,23,"['但是', '在', '近代', '中国', '被', '列强', '所', '既', '阻碍', '了', '社会', '的', '经济', '发展', '也', '扼杀']"
2004,欺凌,24,"['但是', '在', '近代', '中国', '被', '列强', '所', '既', '阻碍', '了', '社会', '的', '经济', '发展', '也', '扼杀']"
2004,欺凌,25,"['强大', '的', '封建', '帝国', '沦落', '为', '一个', '遭', '人', '的', '半封建', '半殖民地', '国家']"
2004,欺凌,26,"['劳动', '后', '遭受', '到', '的', '不', '公平', '对待', '深受', '却', '依旧', '土地', '般', '保持', '着', '沉默', '诗人', '从来']"
2004,精神病,1,"['和', '智力', '残疾儿童', '进行', '了', '康复训练', '对', '万名', '重症', '患者', '进行', '了', '综合', '防治', '康复', '为', '余名', '麻风']"
2004,精神病,2,"['一', '名叫', '乔治', '娅', '的', '女', '患者', '为了', '得到', '香烟', '或', '咖啡', '等', '小', '物品']"
2004,精神病,3,"['现', '家中', '只有', '多岁', '的', '奶奶', '和', '长年', '患有', '的', '父亲', '已', '无', '任何', '经济', '来源', '在', '谈话']"
2004,精神病,4,"['邹泓', '首先', '要', '转变观念', '不是', '人才', '需要', '看', '心理医生']"
2004,精神病,5,"['就此', '一些', '读者', '致电', '本报', '询问', '患者', '犯罪', '的', '刑事责任', '问题', '就此', '我们', '采访', '了']"
2004,精神病,6,"['关注', '患者', '犯罪', '的', '刑事责任', '第', '版', '本条', '数据', '为']"
2004,精神病,7,"['她', '年', '至', '年', '在', '黄冈', '地区', '医院', '担任', '护理员', '护士长', '亲手', '护理', '多名', '患者', '地区', '医院', '担任', '护理员', '护士长', '亲手', '护理', '多名', '患者']"
2004,精神病,8,"['针对', '部分', '居民', '精神紧张', '的', '特点', '社区', '与', '厦门市', '专科医院', '签订协议', '医院', '派', '医生', '来', '社区', '坐诊', '社区', '医疗', '场所', '配合', '医生', '搞好', '心理咨询', '教育', '工作', '帮助', '患者', '从', '痛苦', '中', '解脱', '出来']"
2004,精神病,9,"['的', '司法鉴定', '第', '版', '本条', '数据', '为', '人民日报', '第']"
2004,精神病,10,"['康复', '的', '残疾人', '已经', '达到', '万', '其中', '白内障', '复明', '防治', '和', '聋儿', '语言', '康复', '用品', '用具', '供应', '服务']"
2004,精神病,11,"['神经病', '不是', '来自', '国际', '心理学', '大会', '的', '声音']"
2004,精神病,12,"['患者', '对', '公共安全', '的', '客观', '威胁', '已', '成为', '亟待解决']"
2004,精神病,13,"['远', '赴', '鄂东', '最', '偏远', '的', '黄梅县', '自费', '创办', '医院', '治疗', '患者', '多人', '临床', '治愈率', '达', '以上', '最', '偏远', '的', '黄梅县', '自费', '创办', '医院', '治疗', '患者', '多人', '临床', '治愈率', '达', '以上']"
2004,精神病,14,"['几位', '病人', '所患', '疾病', '大都', '是', '恶性肿瘤', '先天性', '疾病', '等']"
2004,精神病,15,"['脑', '立体', '定向', '设备', '开展', '神经外科', '手术', '治疗', '难治性', '新', '技术', '打造', '了', '医院', '的', '又', '一', '名优']"
2004,精神病,16,"['地演', '宫廷', '戏', '武打戏', '唱', '靡靡之音', '假装', '痛苦万分', '跳', '舞', '犹如', '抽筋', '扒皮']"
2004,精神病,17,"['注', '监狱', '中', '的', '这些', '患者', '不但', '得不到', '适当', '的', '治疗', '而且', '还', '时常']"
2004,精神病,18,"['今年以来', '社会', '上', '曾多次', '发生', '有', '等', '智力', '残障', '人士', '伤害', '他人', '及', '被', '人']"
2004,精神病,19,"['神经病', '不是', '来自', '国际', '心理学', '大会', '的', '声音', '第', '版', '本条']"
2004,精神病,20,"['注', '监狱', '中', '的', '这些', '患者', '不但', '得不到', '适当', '的', '治疗', '而且', '还', '时常']"
2004,精神病,21,"['某', '初三', '女生', '被', '强奸', '致', '案', '初三', '女生', '王某', '长得', '非常', '漂亮', '是', '学校']"
2004,精神病,22,"['关注', '患者', '犯罪', '的', '刑事责任']"
2004,精神病,23,"['地演', '宫廷', '戏', '武打戏', '唱', '靡靡之音', '假装', '痛苦万分', '跳', '舞', '犹如', '抽筋', '扒皮']"
2004,精神病,24,"['注', '监狱', '中', '的', '这些', '患者', '不但', '得不到', '适当', '的', '治疗', '而且', '还', '时常']"
2004,精神病,25,"['为民服务', '热线电话', '涵盖', '户政', '交通', '出入境', '消防', '治安', '监所', '和', '戒毒', '人员', '管理', '以及', '公安', '法制', '法医鉴定', '技术']"
2004,精神病,26,"['课程', '主要', '包括', '近距离', '谈判', '心理学', '宗教', '民族', '方言', '谋略', '等']"
2004,精神病,27,"['邹泓', '首先', '要', '转变观念', '不是', '人才', '需要', '看', '心理医生']"
2004,精神病,28,"['同时', '患有', '癫痫病', '严重', '的', '心脏病', '肺结核', '肝炎', '痢疾', '皮肤病', '红眼病', '的']"
2004,精神病,29,"['做', '鉴定', '一般', '有', '两种', '情况', '一是', '作案', '前有', '史', '公安机关', '或', '司法机关', '根据', '作案者', '家属', '的', '申请']"
2004,精神病,30,"['问', '司法鉴定', '主要', '针对', '哪些', '情况']"
2004,精神病,31,"['如果', '失眠', '伴有', '或', '情绪', '障碍', '应由', '精神科', '医师', '诊治']"
2004,精神病,32,"['湖南', '衡阳', '住', '在', '桥洞', '里', '的', '患者', '在', '今年', '月', '打死', '一对', '兄妹', '前', '曾经']"
2004,精神病,33,"['康复', '的', '残疾人', '已经', '达到', '万', '其中', '白内障', '复明', '防治', '和', '聋儿', '语言', '康复', '用品', '用具', '供应', '服务']"
2004,精神病,34,"['本报', '北京', '月', '日讯', '记者', '王淑军', '报道', '神经病', '就是', '心理咨询', '就是', '心理治疗', '至今', '社会', '上', '仍', '有', '不少']"
2004,精神病,35,"['和', '智力', '残疾儿童', '进行', '了', '康复训练', '对', '万名', '重症', '患者', '进行', '了', '综合', '防治', '康复', '为', '余名', '麻风']"
2004,精神病,36,"['邹泓', '首先', '要', '转变观念', '不是', '人才', '需要', '看', '心理医生']"
2004,精神病,37,"['在', '我国', '患者', '滋事', '伤人', '并非', '偶然']"
2004,精神病,38,"['陈敏', '惨遭', '亲生', '父亲', '杀害', '其父', '陈克亮', '被', '当地', '医院', '初步', '诊断', '为', '精神分裂症', '初期']"
2004,精神病,39,"['怎样', '与', '患者', '相处', '权威', '访谈', '第', '版', '本条', '数据', '为']"
2004,精神病,40,"['脑', '立体', '定向', '设备', '开展', '神经外科', '手术', '治疗', '难治性', '新', '技术', '打造', '了', '医院', '的', '又', '一', '名优']"
2004,精神病,41,"['家里', '无人', '看管', '的', '小孩', '有的是', '缺乏', '照顾', '的', '患者']"
2004,精神病,42,"['据', '报道', '徐', '和平', '有', '史']"
2004,精神病,43,"['有过', '史', '不', '等于', '现在', '还有', '病', '不能', '证明', '他']"
2004,精神病,44,"['则', '属', '精神', '医学', '范畴', '主要', '是', '由于', '大脑']"
2004,精神病,45,"['现', '家中', '只有', '多岁', '的', '奶奶', '和', '长年', '患有', '的', '父亲', '已', '无', '任何', '经济', '来源', '在', '谈话']"
2004,精神病,46,"['一', '名叫', '乔治', '娅', '的', '女', '患者', '为了', '得到', '香烟', '或', '咖啡', '等', '小', '物品']"
2004,精神病,47,"['等', '神经系统', '疾病', '要', '看', '神经科', '精神分裂症', '等', '重性', '要', '看', '精神科', '神经症', '抑郁症', '等', '要', '看', '心理治疗']"
2004,精神病,48,"['若', '是', '学生', '在校', '期间', '就', '有', '传染病', '史', '史', '用人单位', '不', '知道', '待', '毕业生', '报到', '时', '才']"
2004,精神病,49,"['若', '是', '学生', '在校', '期间', '就', '有', '传染病', '史', '史', '用人单位', '不', '知道', '待', '毕业生', '报到', '时', '才']"
2004,精神病,50,"['治疗', '也', '非', '易事', '对', '患者', '歧视', '与', '漠然', '的', '传统观念', '加上', '医院', '对', '患者', '歧视', '与', '漠然', '的', '传统观念', '加上', '医院', '市场化', '运作', '的', '高昂', '治疗', '成本', '也', '使得']"
2004,创伤,1,"['啊', '文化', '使', '人类', '赏心悦目', '文化', '是', '疗治', '人类', '的', '灵丹', '文化', '是', '复活', '人们', '记忆', '的', '妙药']"
2004,创伤,2,"['自然', '神谛', '的', '感应', '自我', '生命', '的', '凝眸', '坎坷', '的', '抚慰', '致使', '理性', '知性', '的', '颗粒', '在', '内心']"
2004,创伤,3,"['三', '四', '医院', '治疗', '技术', '有', '新', '突破']"
2004,创伤,4,"['岛内', '族群', '矛盾', '再次', '撕裂', '台湾', '人民', '的', '感情', '蓄意', '制造', '两岸', '对立', '情绪']"
2004,创伤,5,"['特点', '是', '对', '伤口', '没有', '任何', '刺激性', '副作用', '对', '烧伤', '性', '皮肤', '的', '透视', '性', '和', '粘合', '性极强']"
2004,创伤,6,"['促成', '中日', '之间', '的', '真正', '和解', '治愈', '朝鲜半岛', '的', '并', '找到', '台湾', '问题', '的', '长久', '解决方案']"
2004,创伤,7,"['半个', '多', '世纪', '前', '的', '亚太地区', '饱受', '战争', '许多', '地方', '满目疮痍', '一片', '废墟', '而', '今天', '的', '亚太地区']"
2004,创伤,8,"['半个', '多', '世纪', '前', '的', '亚太地区', '饱受', '战争', '许多', '地方', '满目疮痍', '一片', '废墟', '而', '今天', '的', '亚太地区']"
2004,创伤,9,"['近年来', '该院', '积极', '调整', '科研', '方向', '寻找', '与', '战', '及', '高原', '高寒', '戈壁', '沙漠', '等', '有关', '的', '军事医学']"
2004,创伤,10,"['岛内', '族群', '矛盾', '再次', '撕裂', '台湾', '人民', '的', '感情', '蓄意', '制造', '两岸', '对立', '情绪']"
2004,创伤,11,"['乌鲁木齐', '总医院', '申报', '的', '高寒', '环境', '下', '肢体', '战', '特征', '及', '防治', '研究', '被', '列为', '总部', '课题', '这']"
2004,创伤,12,"['三', '四', '医院', '治疗', '技术', '有', '新', '突破']"
2004,创伤,13,"['介绍', '前列腺癌', '治疗', '最早', '采用', '开放', '手术', '治疗', '患者', '大', '后', '发展', '为外', '放射治疗', '副作用', '大', '病人', '不易']"
2004,创伤,14,"['升华', '特别', '是', '近', '百年', '的', '苦难', '遭遇', '曲折', '灾难', '斗争', '追求', '梦想', '只有', '中国', '人', '感受', '得']"
2004,创伤,15,"['了', '放射性', '粒子', '治疗', '前列腺癌', '胰腺癌', '肝癌', '直肠癌', '手术', '小', '有利于', '患者', '恢复']"
2004,创伤,16,"['第二次世界大战', '给', '欧洲', '国家', '带来', '巨大', '战争', '迫于', '生计', '战后', '许多', '欧洲人', '到', '美洲', '闯', '天下']"
2004,创伤,17,"['本报讯', '慢性', '难', '愈合', '创面', '治疗', '这一', '世界', '医学界', '的', '重大', '难题', '日前', '被', '破解']"
2004,创伤,18,"['内战', '哥', '人民', '为此', '遭受', '了', '巨大', '的', '战争']"
2004,创伤,19,"['的', '不仅仅', '是', '厌恶', '鄙视', '而是', '更深', '的', '内心']"
2004,创伤,20,"['只有', '公开', '承认', '和', '道歉', '才能', '抚平', '历史', '的', '张纯如', '追求', '公平', '与', '正义', '为', '维护', '世界', '历史']"
2004,创伤,21,"['冲突', '陷入', '以暴易暴', '的', '怪圈', '给', '双方', '造成', '更大', '和', '更', '多', '冤魂']"
2004,创伤,22,"['岛内', '族群', '矛盾', '再次', '撕裂', '台湾', '人民', '的', '感情', '蓄意', '制造', '两岸', '对立', '情绪']"
2004,创伤,23,"['事件', '后', '他们', '仍', '未', '从', '中', '复原', '而', '布什', '政府', '在', '反恐', '名义', '下']"
2004,创伤,24,"['与', '手术', '治疗', '相比', '该', '技术', '具有', '微小', '无痛苦', '手术', '时间', '短', '副作用', '小', '不留', '疤痕', '等']"
2004,创伤,25,"['自身', '健康', '神经', '不但', '增加', '了', '手术', '部位', '和', '而且', '造成', '该', '神经', '支配', '区', '的', '功能障碍']"
2004,创伤,26,"['第二次世界大战', '给', '欧洲', '国家', '带来', '巨大', '战争', '迫于', '生计', '战后', '许多', '欧洲人', '到', '美洲', '闯', '天下']"
2004,创伤,27,"['三', '四', '医院', '治疗', '技术', '有', '新', '突破']"
2004,创伤,28,"['倒闭', '却', '给', '土地', '留下', '了', '难以', '医治', '的', '有', '的', '几乎', '成', '了', '废弃地']"
2004,创伤,29,"['第二次世界大战', '给', '欧洲', '国家', '带来', '巨大', '战争', '迫于', '生计', '战后', '许多', '欧洲人', '到', '美洲', '闯', '天下']"
2004,创伤,30,"['几分钟', '内', '就', '能', '完成', '心脏', '成像', '较之', '有', '的', '血管', '造影', '检查', '时间', '短', '费用', '低', '无创伤']"
2004,创伤,31,"['为此', '泌尿科', '主任', '姜', '永光', '选择', '较', '小', '的', '腹腔镜', '手术', '为', '患者', '成功', '切除']"
2004,创伤,32,"['三', '四', '医院', '治疗', '技术', '有', '新', '突破']"
2004,创伤,33,"['受灾', '人群', '中', '可', '持续', '数年', '乃至', '数十年', '的', '后', '应激', '障碍', '患病率', '为']"
2004,创伤,34,"['年来', '为', '治愈', '历史', '弥合', '部族', '裂痕', '防止', '悲剧重演', '卢旺达', '政府', '致力于', '胡图']"
2004,创伤,35,"['以比笔', '更', '便捷', '的', '工具', '来', '见证', '世界', '的', '在', '所有', '创作', '手段', '中', '照相', '是', '惟一', '能']"
2004,创伤,36,"['只要', '细心', '观察', '便', '能', '发现', '这个', '饱经', '战争', '的', '国家', '正在', '逐步', '恢复正常']"
2004,创伤,37,"['半个', '多', '世纪', '前', '的', '亚太地区', '饱受', '战争', '许多', '地方', '满目疮痍', '一片', '废墟', '而', '今天', '的', '亚太地区']"
2004,创伤,38,"['多少', '的', '赔偿金', '也', '无法', '抹平', '赵燕', '心灵', '的']"
2004,创伤,39,"['乌鲁木齐', '总医院', '申报', '的', '高寒', '环境', '下', '肢体', '战', '特征', '及', '防治', '研究', '被', '列为', '总部', '课题', '这']"
2004,创伤,40,"['道路交通', '安全法', '交通安全', '知识', '道路', '交通事故', '危害', '交通事故', '人员', '的', '急救', '处理', '等', '知识', '对', '中小学生', '开展', '交通安全']"
2004,创伤,41,"['解放军', '三', '四', '医院', '研究室', '主任', '付', '小兵', '教授', '北京', '双鹭', '药业', '公司']"
2004,创伤,42,"['啊', '文化', '使', '人类', '赏心悦目', '文化', '是', '疗治', '人类', '的', '灵丹', '文化', '是', '复活', '人们', '记忆', '的', '妙药']"
2004,创伤,43,"['岛内', '族群', '矛盾', '再次', '撕裂', '台湾', '人民', '的', '感情', '蓄意', '制造', '两岸', '对立', '情绪']"
2004,创伤,44,"['在', '默默地', '关心', '着', '你', '抚平', '你', '心灵', '的', '给', '你', '希望', '信心', '和', '力量']"
2004,创伤,45,"['选择', '了', '错误', '的', '治疗', '路径', '受到', '了', '无谓', '更', '有', '相当', '比例', '的', '患者', '在', '手术', '后']"
2004,创伤,46,"['的', '表现', '主要', '有', '出现', '牙石', '龋齿', '还有', '一些', '或', '药物性', '受损']"
2004,创伤,47,"['的', '不仅仅', '是', '厌恶', '鄙视', '而是', '更深', '的', '内心']"
2004,创伤,48,"['道路交通', '安全法', '交通安全', '知识', '道路', '交通事故', '危害', '交通事故', '人员', '的', '急救', '处理', '等', '知识', '对', '中小学生', '开展', '交通安全']"
2004,创伤,49,"['啊', '文化', '使', '人类', '赏心悦目', '文化', '是', '疗治', '人类', '的', '灵丹', '文化', '是', '复活', '人们', '记忆', '的', '妙药']"
2004,创伤,50,"['身', '个人', '和', '家庭', '都', '会', '受到', '深重', '的']"
2004,分裂,1,"['威胁', '说', '如果', '政府', '继续', '支持', '其', '内部', '的', '派别', '该', '组织', '将', '考虑', '重新', '与', '政府', '开战']"
2004,分裂,2,"['命', '就是', '台湾', '与', '祖国大陆', '不可分割', '就是', '中华民族', '不能', '就是', '台湾', '不', '可能', '无视', '祖国大陆', '而', '走', '自己']"
2004,分裂,3,"['陈水扁', '的', '台独', '行径', '是', '对', '台湾', '局势', '和', '亚太地区', '和平', '与']"
2004,分裂,4,"['无', '根据地', '指责', '彭德怀', '里通外国', '组织', '军事', '俱乐部', '要', '党', '逼', '毛主席', '下台']"
2004,分裂,5,"['台湾当局', '和', '台独', '势力', '的', '所作所为', '必将', '受到', '台湾', '人民', '的', '唾弃']"
2004,分裂,6,"['的', '和平统一', '同时', '坚决', '反对', '任何', '形式', '的', '台独', '活动', '绝不允许', '任何人', '以', '任何', '方式', '把', '台湾', '从']"
2004,分裂,7,"['煽动', '台湾', '民众', '仇视', '祖国大陆', '他们', '背祖', '忘宗', '企图', '国家', '这是', '绝不', '可能', '得逞', '的']"
2004,分裂,8,"['接受', '华盛顿邮报', '采访', '时', '再次', '放肆', '地', '鼓吹', '台独', '言论', '清楚', '无误', '地', '表明', '其', '继续', '推动', '台独']"
2004,分裂,9,"['中国', '原则', '的', '又', '一次', '严重', '挑衅', '是', '妄图', '中国', '领土', '的', '又', '一', '罪行']"
2004,分裂,10,"['现在', '的', '伊拉克', '是', '一个', '被', '毁坏', '的', '的', '国家', '在', '前途', '不明', '的', '收回', '主权', '与']"
2004,分裂,11,"['胚胎', '的', '干细胞', '为', '基础', '在', '实验室', '中使', '它们', '增殖', '而', '获得', '的', '大量', '干细胞', '称为', '一个', '干细胞']"
2004,分裂,12,"['斯', '猛虎', '组织', '派别', '并', '发生冲突']"
2004,分裂,13,"['个', '月', '后', '的', '科特迪瓦', '虽', '仍', '处于', '南北', '状态', '但', '尽快', '解除武装', '已', '成为', '各派', '的', '共识']"
2004,分裂,14,"['这一', '事件', '的', '潜在', '后果', '是', '尽管', '卡鲁纳', '宣称', '他']"
2004,分裂,15,"['海外', '华侨', '华人', '反独', '促统', '运动', '打击', '了', '台独', '势力', '的', '气焰', '显示', '了', '海外', '华侨', '华人', '强烈']"
2004,分裂,16,"['反对', '台独', '维护', '国家', '统一']"
2004,分裂,17,"['通过', '公投', '或', '其他', '方式', '把', '台湾', '从', '中国', '出去', '的', '企图', '不会', '得逞']"
2004,分裂,18,"['举行', '座谈会', '坚决', '反对', '陈水扁', '利用', '所谓', '公投', '搞', '的', '企图']"
2004,分裂,19,"['着', '冷战', '思维', '他们', '总', '要求', '俄罗斯', '与', '车臣', '分子', '谈判', '这是', '一种', '缺乏', '良知', '的', '表现']"
2004,分裂,20,"['俄共', '发生', '第', '版']"
2004,分裂,21,"['他', '所', '要', '的', '和平', '是', '和平', '台独', '和平']"
2004,分裂,22,"['台湾', '公投', '陈水扁', '当局', '为', '国家', '挑衅', '两岸关系', '攫取', '权力', '而', '精心设计', '的', '一场']"
2004,分裂,23,"['治国', '理念', '以及', '推进', '祖国', '和平统一', '坚决', '反对', '台独', '活动', '的', '立场']"
2004,分裂,24,"['势力', '企图', '通过', '公投', '等', '手段', '一步步', '将', '台湾', '出去', '的', '罪恶', '目的']"
2004,分裂,25,"['绝不允许', '任何人', '以', '任何', '方式', '把', '台湾', '从', '中国', '出去']"
2004,分裂,26,"['陈水扁', '国家', '搞', '台独', '的', '行径', '激起', '了', '亿', '中国']"
2004,分裂,27,"['日', '报道', '车臣', '非法', '武装', '领导人', '巴萨耶夫', '在', '车臣', '势力', '的', '一个', '网站', '上', '发表声明', '宣称', '对', '俄罗斯']"
2004,分裂,28,"['的', '幌子', '一意孤行', '地', '利用', '公投', '大', '搞', '台独', '活动', '却', '又', '在', '大谈', '建立', '所谓', '的', '两岸']"
2004,分裂,29,"['两岸人民', '最', '紧迫', '的', '任务', '是', '坚决', '制止', '旨在', '中国', '的', '台湾独立', '活动', '维护', '海峡两岸', '的', '和平', '稳定']"
2004,分裂,30,"['安全', '问题', '相互交织', '局部战争', '和', '武装冲突', '时有发生', '恐怖', '势力', '势力', '和', '极端', '势力', '活动', '日益', '猖獗']"
2004,分裂,31,"['中', '多次', '强调', '民族团结', '呼吁', '选民', '选择', '统一', '反对']"
2004,分裂,32,"['陈水扁', '在', '台独', '活动', '的', '道路', '上', '一意孤行', '决不会', '给', '台湾同胞', '带来']"
2004,分裂,33,"['第六', '反对', '各种', '反党', '活动', '维护', '党', '的', '团结', '统一']"
2004,分裂,34,"['年', '挫败', '了', '高岗', '饶漱石', '反党', '活动']"
2004,分裂,35,"['但是', '战后', '重建', '期间', '更为重要', '的', '任务', '以及', '欧洲', '为', '尖锐对立', '的', '两大', '军事', '集团', '的', '现实', '把']"
2004,分裂,36,"['的', '声明', '坚决', '反对', '陈水扁', '顽固', '推动', '公投', '肆意', '祖国', '的', '行径', '呼吁', '世界', '各国', '坚持', '一个', '中国']"
2004,分裂,37,"['呼吁', '全世界', '所有', '华侨', '华人', '同胞', '坚决', '反对', '任何', '祖国', '的', '行径', '集', '最大', '的', '睿智', '和', '民族']"
2004,分裂,38,"['杜马', '选举', '结束', '后', '该', '联盟', '内部', '很快', '出现']"
2004,分裂,39,"['对于', '欧盟', '去年', '围绕', '伊拉克', '战争', '外交政策', '公开', '的', '事实', '人们', '记忆犹新']"
2004,分裂,40,"['绝大多数', '的', '黄埔', '校友', '不', '认同', '陈水扁', '的', '台独', '主张', '因此', '他们', '拒绝', '参加', '这个', '有', '陈水扁', '出席']"
2004,分裂,41,"['如果', '陈水扁', '执意', '要', '在', '台独', '的', '道路', '上', '走', '下去', '等待', '他', '的', '只能']"
2004,分裂,42,"['和平统一', '是', '人心所向', '大势所趋', '任何', '企图', '搞', '台独', '搞', '的', '人', '都', '必将', '成为', '中华民族', '的', '千古罪人']"
2004,分裂,43,"['努力', '促使', '弥合', '海峡两岸', '的', '分歧', '而', '不是', '向', '的', '方向', '发展']"
2004,分裂,44,"['坚决', '反对', '任何', '形式', '的', '台独', '活动', '绝不允许', '任何人', '以', '任何', '方式', '把', '台湾', '从']"
2004,分裂,45,"['如果', '台独', '势力', '一意孤行', '中国人民解放军', '有', '决心', '有', '能力', '坚决', '粉碎', '中国人民解放军', '有', '决心', '有', '能力', '坚决', '粉碎', '任何', '台独', '图谋']"
2004,分裂,46,"['阵营', '内部', '早', '在', '西班牙', '大选', '后', '就', '出现', '该国', '新', '领导人', '吸取', '前任', '对', '美国', '亦步亦趋', '反遭']"
2004,分裂,47,"['声明', '还', '强调', '塞浦路斯', '坚决', '反对', '旨在', '中国', '的', '一切', '企图', '并', '毫不动摇', '地', '支持', '一个']"
2004,分裂,48,"['陈水扁', '搞', '公投', '的', '目的', '就是', '搞', '台独', '是', '中国', '大家庭']"
2004,分裂,49,"['与会者', '奉劝', '陈水扁', '等', '分子', '悬崖勒马', '不要', '做', '中华民族', '的', '千古罪人']"
2004,分裂,50,"['接受', '华盛顿邮报', '采访', '时', '再次', '放肆', '地', '鼓吹', '台独', '言论', '清楚', '无误', '地', '表明', '其', '继续', '推动', '台独']"
2004,阴谋,1,"['我们', '强烈', '反对', '公开', '谴责', '这一', '因为', '它', '违背', '一个', '中国', '原则', '制造', '两岸', '对立']"
2004,阴谋,2,"['他们', '决心', '与', '在野党', '斗争', '到底', '彻底', '粉碎', '弹劾', '并', '支持', '高建', '确保', '国家', '安定', '和', '民生']"
2004,阴谋,3,"['巴', '否认', '恐怖分子', '暗杀', '总理']"
2004,阴谋,4,"['他', '借', '公投', '搞', '台独', '以图', '分裂', '中国', '的']"
2004,阴谋,5,"['和', '清政府', '的', '交涉', '下', '日军', '这次', '侵台', '的', '没有', '得逞']"
2004,阴谋,6,"['奥林匹克运动', '从来', '都', '视', '战争', '不', '公平竞争', '为', '敌']"
2004,阴谋,7,"['他们', '决心', '与', '在野党', '斗争', '到底', '彻底', '粉碎', '弹劾', '并', '支持', '高建', '确保', '国家', '安定', '和', '民生']"
2004,阴谋,8,"['晚些时候', '表示', '当天', '在', '南部', '港口城市', '卡拉奇', '逮捕', '的', '制造', '爆炸', '的', '恐怖分子', '并非', '以', '总理', '贾迈利', '为']"
2004,阴谋,9,"['军国主义', '的', '政治', '血腥', '和', '反', '人类', '反人道', '的']"
2004,阴谋,10,"['的', '武装', '分子', '有', '可能', '正向', '大中城市', '渗透', '并', '发动', '更', '大规模', '的', '恐怖袭击']"
2004,阴谋,11,"['晚些时候', '表示', '当天', '在', '南部', '港口城市', '卡拉奇', '逮捕', '的', '制造', '爆炸', '的', '恐怖分子', '并非', '以', '总理', '贾迈利', '为']"
2004,阴谋,12,"['合作', '的', '新', '局面', '共同', '反对', '台湾当局', '的', '台独']"
2004,阴谋,13,"['发表声明', '谴责', '陈水扁', '企图', '利用', '公投', '分裂', '祖国', '的']"
2004,阴谋,14,"['巴', '否认', '恐怖分子', '暗杀', '总理']"
2004,阴谋,15,"['混', '得', '一时', '最终', '也', '蒙骗', '不了', '世人', '其', '也', '注定', '不会', '得逞']"
2004,阴谋,16,"['美国', '的', '宣传', '再次', '使朝', '军民', '感到', '以', '自身', '力量', '发展']"
2004,阴谋,17,"['意', '挫败', '一起', '袭击', '高速铁路']"
2004,阴谋,18,"['日', '发表声明', '强烈', '谴责', '台湾当局', '搞', '台独', '的', '罪恶']"
2004,阴谋,19,"['把', '西藏', '从', '中国', '大家庭', '中', '分裂', '出去', '的', '再次', '遭到', '失败']"
2004,阴谋,20,"['坚决', '反对', '台湾当局', '搞', '所谓', '的', '公投', '因为', '这一', '将', '葬送', '台湾省', '人', '的', '和平', '生活']"
2004,阴谋,21,"['今天', '签署', '的', '临时', '宪法', '则', '是', '对', '上述', '的', '沉痛', '回击', '并', '为', '今后', '制定', '永久性', '宪法']"
2004,阴谋,22,"['冈田', '想', '用', '麻痹', '神经', '让', '他', '开口', '的', '为', '暴动', '争取', '了', '时间', '肖汉生', '率众', '暴动', '炸毁']"
2004,阴谋,23,"['当前', '的', '历史剧', '中', '占', '了', '很大', '比重', '除了', '就是', '爱情']"
2004,阴谋,24,"['巴', '挫败', '暗杀', '总理', '第', '版', '本条', '数据', '为', '人民日报', '第', '版']"
2004,阴谋,25,"['美国', '的', '宣传', '再次', '使朝', '军民', '感到', '以', '自身', '力量', '发展']"
2004,阴谋,26,"['更为', '深刻', '地', '表现', '正义', '压倒', '邪恶', '智慧', '战胜', '因而', '这些', '作品', '就', '具有', '更', '强大', '的', '鼓舞']"
2004,阴谋,27,"['之流', '是', '中华民族', '的', '不肖子孙', '他们', '搞', '台独', '的', '是', '永远', '不会', '得逞', '的']"
2004,阴谋,28,"['台湾当局', '领导人', '企图', '借', '所谓', '公投', '实现', '其', '台独', '的', '分裂', '行径']"
2004,阴谋,29,"['看清', '了', '陈水扁', '企图', '通过', '公投', '分裂', '祖国', '的']"
2004,阴谋,30,"['台湾当局', '领导人', '企图', '借', '所谓', '公投', '实现', '其', '台独', '的', '分裂', '行径']"
2004,阴谋,31,"['坚决', '反对', '台湾当局', '搞', '所谓', '的', '公投', '因为', '这一', '将', '葬送', '台湾省', '人', '的', '和平', '生活']"
2004,阴谋,32,"['否决', '标志', '着', '陈水扁', '一伙', '分裂', '祖国', '的', '台独', '遭到', '了', '挫败']"
2004,阴谋,33,"['被俘', '的', '肖汉生', '从', '一', '开始', '就', '看穿', '日军', '主张', '以血还血', '组织', '暴动', '而', '原为', '十九路', '军团长', '为']"
2004,阴谋,34,"['分裂', '分子', '企图', '利用', '公投', '来', '分裂', '祖国', '的']"
2004,阴谋,35,"['麻原', '还', '建立', '奥姆', '国', '企图', '统治', '日本', '罪大恶极', '故', '判处']"
2004,阴谋,36,"['祖国', '的', '谬论', '一样', '以', '公投', '为名', '的', '台独', '也', '注定', '要', '失败']"
2004,阴谋,37,"['嫌犯', '准备', '在', '卡拉奇', '的', '一座', '桥下', '安装', '炸弹', '暗杀', '月', '日', '抵达', '卡拉奇', '视察', '的', '贾迈利']"
2004,阴谋,38,"['教师', '联谊会', '日', '发表声明', '说', '陈水扁', '策划', '台独', '的', '不仅', '深深', '伤害', '了', '包括', '台湾同胞', '在内', '的', '中国']"
2004,阴谋,39,"['嫌犯', '准备', '在', '卡拉奇', '的', '一座', '桥下', '安装', '炸弹', '暗杀', '月', '日', '抵达', '卡拉奇', '视察', '的', '贾迈利']"
2004,阴谋,40,"['事件', '是', '美国', '针对', '他', '父亲', '而', '制造', '的']"
2004,阴谋,41,"['日', '发表声明', '强烈', '谴责', '台湾当局', '搞', '台独', '的', '罪恶']"
2004,阴谋,42,"['巴', '挫败', '暗杀', '总理']"
2004,阴谋,43,"['已', '承认', '曾', '参与', '企图', '暗杀', '阿齐姆', '中将', '的']"
2004,阴谋,44,"['他', '肯定', '会', '采取', '一切', '措施', '来', '挫败', '恐怖袭击']"
2004,阴谋,45,"['捕捉', '战机', '从而', '彻底', '挫败', '了', '蒋介石', '的', '围剿']"
2004,阴谋,46,"['座谈会', '强烈', '谴责', '陈水扁', '企图', '通过', '公投', '搞', '台独', '和', '罪恶行径']"
2004,阴谋,47,"['日本', '侵占', '台湾', '的', '在', '甲午战争', '后', '终于', '得逞']"
2004,阴谋,48,"['看清', '了', '陈水扁', '企图', '通过', '公投', '分裂', '祖国', '的']"
2004,阴谋,49,"['认为', '前', '南斯拉夫', '分裂', '是', '一些', '西方', '国家', '的', '科索沃', '战争', '后以', '北约', '为主', '的', '多国', '维和部队', '也']"
2004,阴谋,50,"['更为', '深刻', '地', '表现', '正义', '压倒', '邪恶', '智慧', '战胜', '因而', '这些', '作品', '就', '具有', '更', '强大', '的', '鼓舞']"
2004,主权,1,"['美国', '粗暴', '侵犯', '别国', '和', '人权', '的', '行为', '在', '国际', '上', '居于', '首位']"
2004,主权,2,"['重申', '了', '中国', '对', '钓鱼岛', '及其', '附属', '岛屿', '的', '立场']"
2004,主权,3,"['讲', '一国', '就是', '坚持', '一个', '国家', '维护', '国家', '的', '统一', '和', '领土完整']"
2004,主权,4,"['和', '领土完整', '对', '任何', '国家', '都', '是', '至关重要', '的']"
2004,主权,5,"['投资人', '在', '几种', '债券', '上', '作出', '了', '愿意', '放弃', '豁免', '的', '承诺']"
2004,主权,6,"['各国', '不论', '社会制度', '如何', '都', '应', '根据', '尊重', '各国', '和', '领土完整', '不', '侵犯', '别国', '不', '干涉', '别国', '内政']"
2004,主权,7,"['的', '框架', '下', '双方', '强调', '相互支持', '为', '维护', '独立', '和', '领土完整', '所', '做', '的', '努力', '阿拉伯', '国家', '重申']"
2004,主权,8,"['带领', '全党', '全军', '全国', '各族人民', '从容应对', '一系列', '关系', '我国', '和', '安全', '的', '国际', '突发事件', '战胜', '在', '政治', '经济']"
2004,主权,9,"['比如', '拥护', '祖国', '恢复', '行使', '对', '香港', '的', '是', '希望', '大家', '发自内心', '而', '非', '仅仅', '现于', '口头']"
2004,主权,10,"['关于', '中国', '多次', '重申', '拥有', '的', '钓鱼岛', '及其', '附属', '岛屿', '东京大学', '教授', '田中', '明彦']"
2004,主权,11,"['双方', '重申', '相互尊重', '独立', '领土完整', '和', '各自', '选择', '的', '发展', '道路', '不', '加入']"
2004,主权,12,"['的', '一个', '特别', '行政区', '虽然', '实行', '资本主义', '制度', '但', '上', '仍', '属', '一国', '这是', '一个', '基本', '原则']"
2004,主权,13,"['即', '在', '月', '日', '移交', '伊拉克', '的', '后', '组成', '一个', '看守', '政府', '取代', '由', '美国', '任命', '临时', '管理', '委员会', '强调', '联合国', '应该', '更多地', '参与', '伊拉克', '移交', '的', '进程']"
2004,主权,14,"['孔泉', '说', '中国', '一贯主张', '尊重', '塞', '黑', '的', '和', '领土完整', '切实', '执行', '安理会', '第', '号', '决议', '保障']"
2004,主权,15,"['海洋', '国土', '而', '其中', '有', '万平方公里', '被', '外国', '提出', '要求', '而', '处于', '争议', '之中', '岛屿', '被', '侵占', '资源']"
2004,主权,16,"['美国', '称', '如期', '移交', '伊']"
2004,主权,17,"['意志', '强加于人', '以', '任何借口', '损害', '和', '剥夺', '别国', '的']"
2004,主权,18,"['该', '团体', '全体成员', '表示', '中国', '的', '和', '领土完整', '不容', '分割', '这是', '处理', '两岸关系', '不可动摇', '的']"
2004,主权,19,"['临时', '管理', '当局', '结束', '对', '伊', '占领', '将', '全部', '归还', '伊拉克']"
2004,主权,20,"['民族', '诚心诚意', '拥护', '祖国', '恢复', '行使', '对', '香港', '的', '不', '损害', '香港', '的', '繁荣', '和', '稳定']"
2004,主权,21,"['再次', '希望', '国际', '社会', '尊重', '中国政府', '对', '香港', '的', '尊重', '香港基本法', '尊重', '中国', '全国人大常委会', '对', '基本法', '的', '解释权']"
2004,主权,22,"['布什', '曾', '承诺', '要', '向', '伊拉克', '移交', '全部']"
2004,主权,23,"['支援', '伊拉克', '重建', '美国', '今年', '月底', '向', '伊拉克', '移交', '以及', '伊拉克', '的', '民主化', '进程', '等', '问题', '进行', '磋商']"
2004,主权,24,"['部分', '是', '伊朗', '和', '伊拉克', '的', '边界', '它', '的', '一直', '是', '两国', '争议', '的', '焦点']"
2004,主权,25,"['尊重', '香港', '的', '高度', '自治', '与', '维护', '国家', '的', '是', '统一', '的', '保持', '香港', '的', '资本主义', '与', '坚持']"
2004,主权,26,"['尊重', '香港', '的', '高度', '自治', '与', '维护', '国家', '的', '是', '统一', '的', '保持', '香港', '的', '资本主义', '与', '坚持']"
2004,主权,27,"['中国', '大陆', '和', '台湾', '同属', '一个', '中国', '中国', '的', '和', '领土完整', '不容', '分割']"
2004,主权,28,"['我们', '不能', '邯郸学步', '丢掉', '自我', '必须', '树立', '语言文字', '的', '意识', '与', '国际', '接轨', '并', '不是', '与', '西文', '接轨', '倾向', '抵御', '霸权', '和', '强势', '语言文字', '对', '中国', '语言文字', '的', '侵蚀']"
2004,主权,29,"['中国', '对', '南沙群岛', '及其', '附近', '海域', '拥有', '无可争辩', '的']"
2004,主权,30,"['虽然', '美国', '将', '移交', '给', '了', '伊拉克人', '但', '这', '并', '不', '意味']"
2004,主权,31,"['多', '地', '是', '阐述', '加强', '联合国', '作用', '恢复', '伊拉克', '等', '原则立场']"
2004,主权,32,"['治理', '香港', '才能', '在', '特区', '切实', '维护', '国家', '的', '统一', '和', '领土完整', '防止', '片面强调', '两制', '忽视', '甚至', '不要']"
2004,主权,33,"['由于', '历史', '的', '原因', '国家', '观念', '和', '意识', '在', '港人', '心目', '中', '一直', '是', '比较', '淡薄']"
2004,主权,34,"['政治', '上', '相互尊重', '对方', '的', '独立', '和', '领土完整', '以及', '根据', '本国', '国情', '选择', '的', '发展']"
2004,主权,35,"['西班牙', '愿', '与', '英国', '就', '直布罗陀', '谈判']"
2004,主权,36,"['援助', '计划', '中', '的', '项目', '以', '尽快', '重建', '一个', '独立', '的', '阿富汗', '使', '其', '免受', '恐怖主义', '毒品', '之害']"
2004,主权,37,"['代表', '赴', '印度', '与', '英方', '谈判', '尽力', '维护', '中国', '坚决', '驳斥', '英', '帝国主义', '关于', '中国', '对', '西藏', '只有']"
2004,主权,38,"['当', '一些', '有头有脸', '的', '人物', '热衷于', '设计', '以', '换', '治权', '中国', '人当', '董事长', '英国人', '当', '总经理', '甚至']"
2004,主权,39,"['中国政府', '和', '人民', '捍卫', '国家', '领土', '的', '决心', '和', '意志', '是', '坚定不移', '的']"
2004,主权,40,"['国际', '上', '实行', '单边主义', '到处', '穷兵黩武', '粗暴', '侵犯', '别国', '留下', '许多', '侵犯', '人权', '的', '劣迹']"
2004,主权,41,"['公路', '修复', '项目', '进展', '顺利', '双方', '在', '涉及', '独立', '和', '领土完整', '等', '重大', '问题', '上', '相互', '给予', '坚定']"
2004,主权,42,"['孔泉', '说', '中国', '一贯主张', '尊重', '塞', '黑', '的', '和', '领土完整', '切实', '执行', '安理会', '第', '号', '决议', '保障']"
2004,主权,43,"['多', '的', '巴勒斯坦', '领土', '严重', '损害', '了', '巴勒斯坦', '的', '和', '未来', '国家', '的', '完整性', '二是', '严重', '侵犯', '了']"
2004,主权,44,"['又', '一如既往', '地', '支持', '非洲', '国家', '维护', '国家', '独立', '和', '尊严', '的', '正义斗争', '支持', '非洲', '国家', '为', '维护']"
2004,主权,45,"['罗', '宗正', '博士', '日', '发表', '讲话', '说', '中国', '的', '和', '领土完整', '不容', '分割', '全世界', '华夏', '子孙', '热切', '希望']"
2004,主权,46,"['坚持', '独立自主', '的', '和平', '外交政策', '始终', '把', '国家', '的', '和', '安全', '放在', '第一位', '积极', '发展', '同', '世界', '各国']"
2004,主权,47,"['民族', '诚心诚意', '拥护', '祖国', '恢复', '行使', '对', '香港', '的', '不', '损害', '香港', '的', '繁荣', '和', '稳定', '我们', '不']"
2004,主权,48,"['适用', '因为', '这些', '原则', '的', '精髓', '是', '互相', '尊重']"
2004,主权,49,"['我们', '在', '涉及', '对方', '和', '领土完整', '的', '重大', '问题', '上', '相互理解', '相互支持', '并']"
2004,主权,50,"['地区', '和平', '稳定', '的', '最大', '威胁', '是', '对', '中国', '和', '领土完整', '的', '严重', '挑衅']"
2004,恐怖主义,1,"['仍', '恐情', '不断', '美国', '本土', '似乎', '也', '未能', '摆脱', '的', '幽灵']"
2004,恐怖主义,2,"['在', '向', '全国人大常委会', '作', '说明', '时说', '中国', '长期', '遭受', '分裂主义', '和', '极端主义', '三股', '势力', '的', '侵扰', '东突', '恐怖']"
2004,恐怖主义,3,"['有', '一点', '特别', '应该', '引起', '重视', '那', '就是', '认清', '的', '性质']"
2004,恐怖主义,4,"['宗教', '势力', '是', '以', '反美为', '主要', '特征', '的', '国际', '产生', '的', '温床', '要', '想', '有效', '地', '反恐', '就']"
2004,恐怖主义,5,"['环境', '恶化', '核武器', '和', '生化武器', '的', '拥有', '与', '扩散', '跨国', '有', '组织', '犯罪']"
2004,恐怖主义,6,"['他', '说', '巴勒斯坦', '政府', '认为', '以色列', '的', '这', '一', '行径', '是', '美国政府', '对', '以色列政府', '鼓励', '和', '偏袒', '的']"
2004,恐怖主义,7,"['问题', '上', '各', '成员国', '重申', '加强', '司法', '合作', '严厉打击', '和', '跨国', '犯罪', '其中', '包括', '毒品', '枪支', '走私', '等']"
2004,恐怖主义,8,"['国家', '行列', '而', '贫穷', '和', '落后地区', '往往', '也', '是', '滋生', '的', '土壤']"
2004,恐怖主义,9,"['她', '还', '说', '袭击', '和', '非典', '疫情', '使', '印尼', '的', '旅游业', '受到']"
2004,恐怖主义,10,"['长期以来', '美', '指责', '利比亚', '支持', '并', '对', '其', '实施', '制裁']"
2004,恐怖主义,11,"['发展', '反对', '霸权主义', '和', '强权政治', '反对', '一切', '形式', '的', '致力于', '建立', '公正', '合理', '的', '国际', '政治经济', '新', '秩序']"
2004,恐怖主义,12,"['关于', '批准', '中华人民共和国', '和', '塔吉克斯坦共和国', '关于', '打击', '分裂主义', '和', '极端主义', '的', '合作', '协定', '的', '决定']"
2004,恐怖主义,13,"['上', '面临', '的', '国内', '舆论', '的', '巨大', '压力', '和', '的', '威胁']"
2004,恐怖主义,14,"['有', '的', '国家', '经受', '着', '的', '巨大', '冲击', '有', '的', '国家', '战争', '内乱', '不断']"
2004,恐怖主义,15,"['主席', '声明', '谴责', '最近', '一系列', '恐怖袭击', '事件', '强调', '打击', '需要', '采取', '综合', '手段', '通过', '集体', '努力', '加强', '国际']"
2004,恐怖主义,16,"['巴基斯坦', '将', '坚决', '在', '自己', '的', '领土', '上', '根除']"
2004,恐怖主义,17,"['李肇星', '指出', '分裂主义', '极端主义', '地区', '热点', '冲突', '武器', '走私', '毒品', '贩运']"
2004,恐怖主义,18,"['二', '一年', '六月', '十五日', '在', '上海', '签署', '的', '打击', '分裂主义', '和', '极端主义', '上海', '公约', '等', '的', '议定书', '的']"
2004,恐怖主义,19,"['盟友', '巴基斯坦', '和', '沙特', '在', '和', '我们', '一起', '打击', '利比亚', '放弃', '了', '核武器', '计划', '伊拉克', '正在', '为', '自由']"
2004,恐怖主义,20,"['绝望', '的', '群体', '转向', '了', '无政府主义', '乃至', '极端主义', '和']"
2004,恐怖主义,21,"['一', '行为', '是', '以色列政府', '实行', '的', '又', '一例', '国家', '事件']"
2004,恐怖主义,22,"['因此', '以色列', '要', '更', '有效', '地', '对付', '就', '只能', '撤出', '加沙', '地带', '的', '以色列', '军队', '和']"
2004,恐怖主义,23,"['产生', '的', '根源', '难以', '从根本上', '消除', '反对', '将', '是', '产生', '的', '根源', '难以', '从根本上', '消除', '反对', '将', '是', '国际', '社会', '的', '一项', '长期', '艰巨', '的']"
2004,恐怖主义,24,"['了', '多个', '联合', '工作', '小组', '双方', '一直', '在', '评估', '的', '威胁', '并', '讨论', '建立', '战区', '导弹', '防御', '系统']"
2004,恐怖主义,25,"['改革', '税收', '保险', '打击']"
2004,恐怖主义,26,"['一道', '反对', '霸权主义', '和', '强权政治', '反对', '一切', '形式', '的']"
2004,恐怖主义,27,"['此外', '打击', '也', '是', '欧盟', '与', '第三国', '进行', '政治', '对话', '的']"
2004,恐怖主义,28,"['会议', '强烈', '谴责', '活动', '并', '决定', '与', '在野党', '协商', '合力', '营救', '人质']"
2004,恐怖主义,29,"['优势', '兵力', '可以', '轻取', '他', '国', '进而', '彻底', '铲除']"
2004,恐怖主义,30,"['必须', '反对', '一切', '形式', '的', '不能', '搞', '双重标准', '必须', '加强', '国际', '合作', '团结', '各国', '合作', '团结', '各国', '共同', '开展', '反恐', '斗争', '不能', '将', '与', '特定', '的', '民族', '和', '宗教', '联系', '等同', '起来', '努力', '解决', '地区冲突', '贫困', '等', '问题', '努力', '消除', '产生', '的', '根源']"
2004,恐怖主义,31,"['双方', '认为', '国际', '是', '当今世界', '和平', '与', '发展', '的', '严重威胁']"
2004,恐怖主义,32,"['挑衅', '做出', '让步', '的', '人', '都', '将', '被', '视为', '的', '同谋', '和', '帮凶']"
2004,恐怖主义,33,"['的', '方式', '治标不治本', '的', '方法', '并', '不能', '从根本上', '解决', '问题', '反而', '可能', '将', '反恐', '战争', '拖得', '更长']"
2004,恐怖主义,34,"['提高', '本', '地区', '运输', '安全', '贯彻', '亚太经合组织', '关于', '打击', '的', '领导人', '声明', '等']"
2004,恐怖主义,35,"['在', '伊', '保持', '军事', '存在', '的', '波兰', '可能', '成为', '分子', '的', '眼中钉']"
2004,恐怖主义,36,"['在', '战争', '阴云', '饥饿', '和', '贫困', '笼罩', '在', '地球村', '上空', '的', '今天', '通过', '民间艺术', '的']"
2004,恐怖主义,37,"['巴基斯坦', '的', '暴力', '活动', '已经', '得到', '有效', '遏制', '但', '极端主义', '和', '教派主义', '的', '根源', '仍然', '有待', '铲除']"
2004,恐怖主义,38,"['推动', '地区', '和', '全球', '经济', '发展', '还是', '在', '应对', '武器', '扩散', '跨国', '犯罪', '和', '疾病', '等', '方面', '我们']"
2004,恐怖主义,39,"['克林顿政府', '发现', '了', '现象', '对', '恐怖', '威胁', '采取', '了', '细致', '和', '坚持不懈']"
2004,恐怖主义,40,"['莫斯科', '民众', '在', '此', '举行', '大型', '集会', '抗议', '暴行', '表达', '战胜', '邪恶势力', '的', '坚定信念']"
2004,恐怖主义,41,"['是', '人类', '面临', '的', '共同', '挑战', '反恐', '需要', '加强', '行动', '才能', '有效', '彻底', '地', '打击', '各种', '形式', '的']"
2004,恐怖主义,42,"['在', '这里', '举行', '非正式', '会晤', '三国', '外长', '就', '打击', '中亚', '形势', '阿富汗', '和', '伊拉克', '局势', '等', '问题', '交换']"
2004,恐怖主义,43,"['忽略', '了', '这个', '世界', '上', '到底', '为什么', '会', '产生']"
2004,恐怖主义,44,"['我', '对', '这', '一', '行径', '表示', '最', '强烈', '的', '谴责', '并', '对', '俄罗斯政府']"
2004,恐怖主义,45,"['个', '语言', '版本', '的', '阐释', '美国', '为何', '要', '打击', '的', '宣传', '手册', '资助', '出版', '了', '一份', '旨在', '介绍']"
2004,恐怖主义,46,"['双方', '表达', '了', '就', '打击', '有', '组织', '犯罪', '贩毒', '等', '加强', '磋商', '与', '合作']"
2004,恐怖主义,47,"['宗教', '极端主义', '分裂主义', '跨国', '犯罪', '环境', '生态', '等', '非传统']"
2004,恐怖主义,48,"['就', '乌兹别克斯坦', '发生', '恐怖', '爆炸事件', '发表声明', '强烈', '谴责', '这些', '行为']"
2004,恐怖主义,49,"['形式', '的', '霸权主义', '和', '强权政治', '反对', '一切', '形式', '的']"
2004,恐怖主义,50,"['联络', '委员会', '主席', '科科申', '当天', '说', '不管', '是从', '打击', '的', '角度', '还是', '从', '上海', '合作', '组织', '整体', '发展']"
